{"cameraMode":{"drawMode":0,"name":"Shaded","section":"Shading Mode"},"sceneLighting":false,"audioPlay":false,"sceneViewState":{"m_AlwaysRefresh":false,"showFog":true,"showSkybox":false,"showFlares":true,"showImageEffects":true,"showParticleSystems":true,"showVisualEffectGraphs":true,"m_FxEnabled":true},"in2DMode":false,"pivot":{"x":-12.816887855529786,"y":1.831558108329773,"z":21.59629249572754},"rotation":{"x":0.05413175746798515,"y":0.1269654780626297,"z":-0.006940005347132683,"w":0.9904058575630188},"size":3.7117702960968019,"orthographic":true}