{"cameraMode":{"drawMode":0,"name":"Shaded","section":"Shading Mode"},"sceneLighting":false,"audioPlay":false,"sceneViewState":{"m_AlwaysRefresh":false,"showFog":true,"showSkybox":false,"showFlares":true,"showImageEffects":true,"showParticleSystems":true,"showVisualEffectGraphs":true,"m_FxEnabled":true},"in2DMode":false,"pivot":{"x":13.13193130493164,"y":1.831558108329773,"z":21.146291732788087},"rotation":{"x":0.06436723470687866,"y":0.4453865587711334,"z":-0.03212343528866768,"w":0.8924450278282166},"size":2.8945932388305666,"orthographic":true}