{"cameraMode":{"drawMode":0,"name":"Shaded","section":"Shading Mode"},"sceneLighting":false,"audioPlay":false,"sceneViewState":{"m_AlwaysRefresh":false,"showFog":true,"showSkybox":false,"showFlares":true,"showImageEffects":true,"showParticleSystems":true,"showVisualEffectGraphs":true,"m_FxEnabled":true},"in2DMode":false,"pivot":{"x":-0.19999998807907105,"y":1.831558108329773,"z":21.496292114257814},"rotation":{"x":0.05536157637834549,"y":0.06286120414733887,"z":-0.003492196323350072,"w":0.9964804649353027},"size":2.894594669342041,"orthographic":true}