{"cameraMode":{"drawMode":0,"name":"Shaded","section":"Shading Mode"},"sceneLighting":false,"audioPlay":false,"sceneViewState":{"m_AlwaysRefresh":false,"showFog":true,"showSkybox":false,"showFlares":true,"showImageEffects":true,"showParticleSystems":true,"showVisualEffectGraphs":true,"m_FxEnabled":true},"in2DMode":false,"pivot":{"x":0.20810723304748536,"y":0.12839052081108094,"z":12.260000228881836},"rotation":{"x":0.16951633989810944,"y":-0.6849399209022522,"z":0.16870595514774323,"w":0.6882330775260925},"size":1.2217270135879517,"orthographic":true}